{"cameraMode":{"drawMode":0,"name":"Shaded","section":"Shading Mode"},"sceneLighting":false,"audioPlay":false,"sceneViewState":{"showFog":true,"showMaterialUpdate":true,"showSkybox":false,"showFlares":true,"showImageEffects":true,"showParticleSystems":true},"in2DMode":false,"pivot":{"x":0.02060115337371826,"y":0.19448953866958619,"z":-0.9295328855514526},"rotation":{"x":0.13592390716075898,"y":-0.2087574154138565,"z":0.02931300550699234,"w":0.9680360555648804},"size":0.9674236178398132,"orthographic":false}