{"cameraMode":{"drawMode":0,"name":"Shaded","section":"Shading Mode"},"sceneLighting":false,"audioPlay":false,"sceneViewState":{"showFog":true,"showMaterialUpdate":true,"showSkybox":false,"showFlares":true,"showImageEffects":true,"showParticleSystems":true},"in2DMode":false,"pivot":{"x":-0.6279296875,"y":-0.63525390625,"z":1.69482421875},"rotation":{"x":0.19777703285217286,"y":-0.34513694047927859,"z":0.07464458048343659,"w":0.9144408702850342},"size":2.26229190826416,"orthographic":true}